<?xml version="1.0" encoding="UTF-8" standalone="no"?>
<project>
	<configuration id="fr.ac6.ide.wise.managedbuild.projecttype.exe.config.debug.1772576803" name="Debug">
		<extension point="org.eclipse.cdt.core.LanguageSettingsProvider">
			<provider copy-of="extension" id="org.eclipse.cdt.ui.UserLanguageSettingsProvider"/>
			<provider-reference id="org.eclipse.cdt.core.ReferencedProjectsLanguageSettingsProvider" ref="shared-provider"/>
			<provider-reference id="org.eclipse.cdt.managedbuilder.core.MBSLanguageSettingsProvider" ref="shared-provider"/>
			<provider class="fr.ac6.ide.wise.managedbuild.core.BuiltinSpecsDetector" console="false" env-hash="-1476111534582154404" id="fr.ac6.ide.wise.managedbuild.core.BuiltinSpecsDetector" keep-relative-paths="false" name="WiSE Built-in Compiler Settings" parameter="${COMMAND} ${FLAGS} -E -P -v -dD &quot;${INPUTS}&quot;" prefer-non-shared="true">
				<language-scope id="org.eclipse.cdt.core.gcc"/>
				<language-scope id="org.eclipse.cdt.core.g++"/>
			</provider>
		</extension>
	</configuration>
	<configuration id="fr.ac6.ide.wise.managedbuild.projecttype.exe.config.release.1383020046" name="Release">
		<extension point="org.eclipse.cdt.core.LanguageSettingsProvider">
			<provider copy-of="extension" id="org.eclipse.cdt.ui.UserLanguageSettingsProvider"/>
			<provider-reference id="org.eclipse.cdt.core.ReferencedProjectsLanguageSettingsProvider" ref="shared-provider"/>
			<provider-reference id="org.eclipse.cdt.managedbuilder.core.MBSLanguageSettingsProvider" ref="shared-provider"/>
			<provider class="fr.ac6.ide.wise.managedbuild.core.BuiltinSpecsDetector" console="false" env-hash="-1511202187423336947" id="fr.ac6.ide.wise.managedbuild.core.BuiltinSpecsDetector" keep-relative-paths="false" name="WiSE Built-in Compiler Settings" parameter="${COMMAND} ${FLAGS} -E -P -v -dD &quot;${INPUTS}&quot;" prefer-non-shared="true">
				<language-scope id="org.eclipse.cdt.core.gcc"/>
				<language-scope id="org.eclipse.cdt.core.g++"/>
			</provider>
		</extension>
	</configuration>
</project>
